





Pierce,Tremathack,2000-05-13,7612966670,ptremathack0@europa.eu,2 Hagan Point,ptremathack0,gg34buxB
Tris,Haggidon,1998-06-26,0408928638,thaggidon1@google.it,610 Oak Valley Trail,thaggidon1,GZeFZ3v
Derry,Gauch,1998-09-04,1730596568,dgauch2@furl.net,1948 North Terrace,dgauch2,4OASOcuYEr
Aloysius,Langshaw,1998-02-03,4392289400,alangshaw3@skyrock.com,09 Onsgard Hill,alangshaw3,MqmcA4dAI
Cherry,Birtwisle,2003-01-13,3634113405,cbirtwisle4@networksolutions.com,5624 Nancy Street,cbirtwisle4,sOAiRZe
Dacie,Dunbleton,1995-05-24,6168641939,ddunbleton5@yahoo.com,7 Mcbride Way,ddunbleton5,ojLWEQi9jzpZ
Germayne,Walbrun,1997-11-23,7388401466,gwalbrun6@aboutads.info,7 Grover Junction,gwalbrun6,9dxUa6fVaxUP
Jakob,Adran,1991-04-15,1023021900,jadran7@shutterfly.com,0409 Del Sol Parkway,jadran7,BrpVCTcPEKuE
Yves,Piatto,1989-11-26,3000680861,ypiatto8@sakura.ne.jp,2 Rigney Hill,ypiatto8,3S9jp0
Alfreda,Draycott,1997-05-01,3073759832,adraycott9@geocities.com,0982 Sunbrook Pass,adraycott9,lc24WIHHkbX
Pen,Reichert,1998-01-05,3373285666,preicherta@oakley.com,06 Schlimgen Junction,preicherta,Qj0wFk
Edgar,Schrir,1997-01-19,9512459515,eschrirb@newsvine.com,5894 Londonderry Circle,eschrirb,xbFPgAk
Kain,Sollowaye,1994-05-05,2208437616,ksollowayec@blogs.com,24 Eastwood Terrace,ksollowayec,LRmgr4aCchz
Ailis,Weagener,2000-01-22,2719097861,aweagenerd@xing.com,6912 Dahle Road,aweagenerd,A59heQP
Francoise,Syddie,1996-04-04,4017744168,fsyddiee@google.com.hk,3 Homewood Court,fsyddiee,MVs0v48E06
Bran,Jacobson,1994-03-05,7283606270,bjacobsonf@state.tx.us,4240 Russell Place,bjacobsonf,ubLoxeaJ
Durante,Scotchmur,1995-11-06,5447038782,dscotchmurg@google.fr,7 Derek Circle,dscotchmurg,DAarYxMmDG8
Gayel,MacIntosh,1989-07-10,8132365747,gmacintoshh@wunderground.com,12 Stephen Road,gmacintoshh,N6zasH
Karrah,Foort,1994-02-08,9349185113,kfoorti@auda.org.au,7823 Loftsgordon Street,kfoorti,sEbQP0x2nep
Northrop,Tanzig,2001-11-12,5815335487,ntanzigj@domainmarket.com,94 Lerdahl Pass,ntanzigj,WtGWdrdQW
Oriana,Phythean,1992-12-23,2503981615,ophytheank@squidoo.com,16 Hudson Terrace,ophytheank,8shO4T6O
Dwayne,Kingescot,2000-08-02,7985094334,dkingescotl@google.co.uk,39 Commercial Terrace,dkingescotl,vuOPyt5G
Jory,Ksandra,1995-12-11,9139120244,jksandram@jalbum.net,9501 Brentwood Center,jksandram,BjLJ6G1vD
Ranice,Ugo,1989-02-15,2167368623,rugon@cornell.edu,74 Northfield Trail,rugon,p5GQ1Pw7h
Melany,Oiller,1996-12-04,8365387727,moillero@mashable.com,209 American Ash Hill,moillero,0EitPAMiJdG9
Gibbie,Fessler,1993-01-08,0016799410,gfesslerp@vistaprint.com,387 Melby Street,gfesslerp,WoZhcmkwO
Dickie,Gwillim,1997-08-12,9801236159,dgwillimq@buzzfeed.com,27 Victoria Way,dgwillimq,UrR5sUuNXhsN
Bradan,Emmens,1998-12-08,8799936976,bemmensr@squidoo.com,8 Independence Street,bemmensr,amnbYI4
Marshall,Eisikovitsh,2002-03-14,9906133155,meisikovitshs@patch.com,3 Arkansas Pass,meisikovitshs,W7B5z58fai4
Colly,Wycherley,1999-08-15,7316375647,cwycherleyt@slate.com,3809 Cardinal Drive,cwycherleyt,QYWdjtN14l
Vanna,Cremins,1992-08-26,2759394409,vcreminsu@ezinearticles.com,359 Coleman Center,vcreminsu,ikeTa38
Christy,Compfort,1990-08-04,9101798219,ccompfortv@topsy.com,0 Petterle Court,ccompfortv,Pp03S9U1Zd8
Rooney,Chatel,1993-09-07,2344153594,rchatelw@jigsy.com,6238 Lunder Junction,rchatelw,nMpQ5lcU
Alix,Ferencz,1992-09-21,1592371280,aferenczx@mapy.cz,04 Fremont Junction,aferenczx,fNqUwMOMUMm
Anthony,Boxhill,2001-07-20,7259004045,aboxhilly@ocn.ne.jp,6 Village Green Trail,aboxhilly,t2XHZVn68nFU
Vallie,McCoole,1991-01-31,1498536085,vmccoolez@quantcast.com,0 Scofield Parkway,vmccoolez,TpOixE17OulM
Othello,Santon,2001-10-11,9842638286,osanton10@photobucket.com,46991 Kensington Parkway,osanton10,YUOCaPcmrNTD
Carissa,O'Fielly,2002-12-01,3870084537,cofielly11@bing.com,59 Melvin Alley,cofielly11,9Oq7x9t
Felicdad,Mingus,2002-03-25,1717560814,fmingus12@weebly.com,0 Crownhardt Center,fmingus12,IHy18XMlzr1
Davida,Huerta,2002-12-06,8965298415,dhuerta13@com.com,41670 8th Center,dhuerta13,6pupd3
Celestyn,Rulf,1990-10-25,6856678215,crulf14@g.co,791 Lawn Hill,crulf14,1WVFex
Tim,Bartolomeotti,2001-05-17,2355761345,tbartolomeotti15@photobucket.com,0503 Alpine Alley,tbartolomeotti15,LCwRO30
Axel,Goozee,1999-02-19,0587314478,agoozee16@miitbeian.gov.cn,9 Delladonna Pass,agoozee16,n1aO4JHKOGY
Jemmie,Aylmore,1997-01-05,0535663358,jaylmore17@goo.gl,37710 Hovde Crossing,jaylmore17,x87UnHxMbvfu
Lizzy,Randalson,2000-03-13,0490902685,lrandalson18@blog.com,94 Arapahoe Street,lrandalson18,T3pC4t
Maurice,Brahm,1993-06-07,4280820899,mbrahm19@nsw.gov.au,40720 Crescent Oaks Plaza,mbrahm19,zZhxX9JpTG
Anselm,Boles,2000-12-04,9686891951,aboles1a@sourceforge.net,66752 South Park,aboles1a,8Smd8LlLCU
Cris,Limon,1991-07-20,3740376376,climon1b@gnu.org,095 Express Hill,climon1b,CZZnOdTfIl7
Rolf,Coopper,1994-11-21,4127588438,rcoopper1c@paginegialle.it,2027 Fieldstone Terrace,rcoopper1c,dtcj9tYu
Franni,Moules,1990-05-30,0180315005,fmoules1d@unblog.fr,2333 Dorton Trail,fmoules1d,2mvzMf6B7mB
Terza,Chastagnier,2002-07-23,4416002483,tchastagnier1e@angelfire.com,55 Becker Way,tchastagnier1e,bWm7TEEW
Karita,Dumini,1991-10-27,3478139562,kdumini1f@geocities.jp,9 Delaware Trail,kdumini1f,S1qSJqx
Bank,Dayne,2000-07-12,8798219219,bdayne1g@salon.com,0249 Bashford Circle,bdayne1g,z3y1khG
Anatollo,Leith-Harvey,1991-06-02,6999652813,aleithharvey1h@youtu.be,9576 Dennis Circle,aleithharvey1h,kTtBrKvzs0T
Georas,Crunkhurn,1998-07-25,6635385215,gcrunkhurn1i@yahoo.com,46104 Summit Park,gcrunkhurn1i,EunjeL
Cal,Gruszecki,1994-09-26,1975670396,cgruszecki1j@paginegialle.it,29077 Pond Way,cgruszecki1j,2pZdM68f8Ptc
Dom,Tearny,2003-02-20,1102786446,dtearny1k@umn.edu,26 Kensington Park,dtearny1k,DczDf1yjieU
Brandie,McGiven,1998-10-19,6471248970,bmcgiven1l@home.pl,30177 Graceland Pass,bmcgiven1l,RirJF9sY
Base,MacColgan,1993-04-02,5264578974,bmaccolgan1m@simplemachines.org,244 Burning Wood Drive,bmaccolgan1m,AxYtKR
Tommy,Naire,1999-07-06,5620644332,tnaire1n@nasa.gov,51 Roxbury Road,tnaire1n,s4Q1CjtFny
Osborne,Tubritt,1999-04-30,7190505040,otubritt1o@japanpost.jp,94 Forest Trail,otubritt1o,qUYTnBX4
Merola,Gallichan,1996-07-31,2859771573,mgallichan1p@ebay.com,56 Moose Terrace,mgallichan1p,lJ0m84pnT2qE
Donnamarie,Prosh,1993-05-27,1877900125,dprosh1q@bbb.org,60 Packers Avenue,dprosh1q,i1IfrUl
Blinnie,Sworne,1999-07-13,5743766649,bsworne1r@disqus.com,3 Judy Road,bsworne1r,vu8klxRb
Lonnard,Newlin,1994-07-18,4571027265,lnewlin1s@cloudflare.com,49554 Sutherland Place,lnewlin1s,MBV0zpA
Eleanora,Salkild,1989-06-01,3795273323,esalkild1t@globo.com,9109 Towne Trail,esalkild1t,dQjK7U
Arman,Bertholin,1997-09-08,3774872880,abertholin1u@ox.ac.uk,44886 Granby Point,abertholin1u,kBSJ0h
Abigale,Bolzen,1993-02-23,5642771507,abolzen1v@weather.com,59 North Center,abolzen1v,AhLuNER9
Kare,Thonason,2001-01-19,6946542916,kthonason1w@microsoft.com,9 Hagan Lane,kthonason1w,4HfTZw1aSCMN
Deloris,Bisgrove,1992-05-02,2960362322,dbisgrove1x@pen.io,2141 Rieder Way,dbisgrove1x,NOdhEJQI58T
Chuck,Bettis,1991-06-28,5813361480,cbettis1y@economist.com,963 Miller Plaza,cbettis1y,4zMYQDg9HB
Livvy,Wannop,2000-10-19,0623543184,lwannop1z@gravatar.com,87 Summerview Place,lwannop1z,aFWD4Cqbk
Finley,Edgeson,1999-03-17,4435261634,fedgeson20@friendfeed.com,93 Amoth Avenue,fedgeson20,tYK6ao34n5M
Deane,Barensky,2002-07-06,9944734578,dbarensky21@hp.com,82 Onsgard Junction,dbarensky21,8qJZ3L7NCi
Ellis,Lethibridge,1989-11-13,4834261433,elethibridge22@addthis.com,5 Trailsway Hill,elethibridge22,QwX49P2JqKH6
Gardy,Manford,2001-04-19,0702438731,gmanford23@vkontakte.ru,2 Northridge Center,gmanford23,9xDraaYWE
Angelo,Surgen,1991-02-01,7541751812,asurgen24@desdev.cn,2 Westerfield Alley,asurgen24,eIVflsKU12Rw
Hieronymus,Quincey,1990-06-22,4069414908,hquincey25@sphinn.com,6505 Stang Center,hquincey25,BilFLIepB4
Etty,Ailmer,1992-05-19,0663771277,eailmer26@time.com,8295 Montana Road,eailmer26,4WPWQd
Antonella,Dreakin,1995-03-11,5231191299,adreakin27@techcrunch.com,50854 Susan Court,adreakin27,CnWqVY3ybge
Clarey,Wrigglesworth,1990-09-22,4146016533,cwrigglesworth28@github.com,09 Meadow Vale Drive,cwrigglesworth28,4Tq18VrdDI
Arlene,Cardoe,1994-09-17,1591473144,acardoe29@abc.net.au,0 Namekagon Lane,acardoe29,jSBhjBCVIRp
Sybille,Roistone,1993-04-27,2422342892,sroistone2a@elegantthemes.com,7507 Rockefeller Street,sroistone2a,9tLtP36U0bxz
Rutger,Mion,1995-02-18,4648311558,rmion2b@opensource.org,6125 Waxwing Pass,rmion2b,zk3WjGL8n
Ezmeralda,Sutcliffe,1996-11-08,9508648201,esutcliffe2c@abc.net.au,68 Springview Drive,esutcliffe2c,rZQIGrNEFV
Gwendolyn,Faircley,2002-07-27,1995555258,gfaircley2d@blogger.com,5 Independence Junction,gfaircley2d,NTweMqhA21
Faythe,Scole,1990-01-28,2652832123,fscole2e@harvard.edu,25 Claremont Drive,fscole2e,pgK0oJK
Jo,Hryniewicz,1997-04-10,6102452380,jhryniewicz2f@skype.com,60878 Sherman Drive,jhryniewicz2f,A9Po5CJ3Hz
Emmy,Carlozzi,1990-08-16,9935251721,ecarlozzi2g@slate.com,34 Glacier Hill Junction,ecarlozzi2g,790wiRys
Blakelee,Dennington,1999-07-16,3291412680,bdennington2h@fda.gov,1577 Beilfuss Park,bdennington2h,0PLNqKbQjTk
Pepillo,Rooms,2002-08-18,1756197121,prooms2i@soup.io,20335 Crowley Center,prooms2i,2AS0UZV
Alica,Biffen,1997-10-18,3001222395,abiffen2j@tumblr.com,60590 Susan Point,abiffen2j,RpLjQFe2iGI
Marlon,Slaight,1999-05-10,0994587554,mslaight2k@samsung.com,65 Main Park,mslaight2k,nYYgAaUqtPOf
Amber,Croy,1989-10-01,6727274991,acroy2l@wired.com,59489 Morning Plaza,acroy2l,krBHwVLt
Rowena,Dikle,1998-05-11,4997167231,rdikle2m@google.fr,3868 Sundown Way,rdikle2m,5IgyMfjMgU
Lalo,Stammers,1989-05-22,0995509476,lstammers2n@gmpg.org,2 Warner Way,lstammers2n,3ikrSo7Tfs
Justen,Gagie,1990-08-09,9149632388,jgagie2o@twitter.com,289 Lakeland Park,jgagie2o,2713vNe
Lauralee,Stout,1999-11-02,7405930034,lstout2p@weibo.com,4933 Buena Vista Terrace,lstout2p,mKipjYsDhT2
Gregorio,Vaugham,1991-07-24,4706095387,gvaugham2q@google.com,34923 Gateway Street,gvaugham2q,GPKaqyEYF
Desiree,Shinn,1994-07-23,7406325630,dshinn2r@google.ru,2 Vidon Road,dshinn2r,GJGptBgJ
Scotty,Covill,1996-12-08,0970436114,scovill2s@yahoo.com,0 Morrow Lane,scovill2s,2WaznMimcAt
Sky,Gavrielli,1999-10-12,6019253783,sgavrielli2t@jiathis.com,5412 Armistice Avenue,sgavrielli2t,5GbuOx
Michele,Hallward,1990-08-11,4796384790,mhallward2u@japanpost.jp,5 Welch Park,mhallward2u,udNJ5bDW
Ferdy,Burnsides,1994-05-20,9243232606,fburnsides2v@addthis.com,4 Bay Park,fburnsides2v,n7Y6KA1x
Tabina,Gianetti,1990-11-06,2489863754,tgianetti2w@google.com.br,9 Red Cloud Way,tgianetti2w,2DNn4PNyQ3o
Florida,MacDaid,1997-10-06,3268705154,fmacdaid2x@yellowpages.com,1 Tennessee Court,fmacdaid2x,Ww5H0GZ
Hayward,Steeples,1996-07-23,7074771619,hsteeples2y@bandcamp.com,28 Mariners Cove Road,hsteeples2y,Xj7Zp2gdGoCL
Coraline,Bramelt,1998-07-28,3983152988,cbramelt2z@cnbc.com,1578 Burrows Circle,cbramelt2z,nxctlx
Diandra,Wolfe,1991-04-28,8448782011,dwolfe30@blogtalkradio.com,1983 Sunfield Parkway,dwolfe30,RnXLP3eymL
Grier,Geipel,1996-03-31,1927767156,ggeipel31@clickbank.net,643 Utah Center,ggeipel31,jhgY6zb
Isabel,Spellicy,1989-03-29,4383662366,ispellicy32@a8.net,7 Stephen Alley,ispellicy32,ijLkaL89JR
Egbert,Beggin,1993-01-12,7289395875,ebeggin33@thetimes.co.uk,658 Spaight Trail,ebeggin33,AMYVP4Ypo
Dionisio,Assard,1992-03-05,4598149957,dassard34@list-manage.com,3 Lunder Drive,dassard34,wRR7U3vzFdeC
Mordecai,Diver,2000-11-19,9866398730,mdiver35@wp.com,5 Mcguire Lane,mdiver35,MJjPqAvtXZ
Valeria,Eskriet,1996-06-15,1377603997,veskriet36@ebay.com,3520 Summit Park,veskriet36,KK5S5Xu6
Mateo,Dowall,1989-01-17,6724565014,mdowall37@stumbleupon.com,3 Shelley Avenue,mdowall37,TfjNtN
Ian,Wrought,1996-01-14,9543368260,iwrought38@timesonline.co.uk,0875 Waxwing Street,iwrought38,3x2AEF
Nelle,Donnellan,1992-05-07,1783738022,ndonnellan39@intel.com,3630 Eliot Court,ndonnellan39,BDKmKtxV3
Camellia,Surmon,1997-08-07,6787272502,csurmon3a@tamu.edu,851 Crownhardt Avenue,csurmon3a,cpe2hqeA
Jobie,D'Oyly,1997-03-20,6396411342,jdoyly3b@arizona.edu,0024 Morningstar Terrace,jdoyly3b,5SG95bXoq
Jesus,Bruinsma,1989-08-20,1501161598,jbruinsma3c@statcounter.com,25 North Place,jbruinsma3c,tz4uQOSSM92
Marga,Tebald,1995-06-24,3900671613,mtebald3d@businesswire.com,020 Bay Center,mtebald3d,eAz5WT9UWnS
Monty,Arman,1995-07-23,5969625000,marman3e@harvard.edu,81837 Heffernan Drive,marman3e,LAIWXTOb
Dallon,Juan,1991-06-12,3971786677,djuan3f@paginegialle.it,414 Monica Pass,djuan3f,Ttsrqg
Neil,Gianullo,2001-09-12,6268811127,ngianullo3g@bigcartel.com,58172 Morrow Circle,ngianullo3g,LKNenQQ2
Eleanore,Meagh,1999-07-18,8136007128,emeagh3h@usgs.gov,718 Manufacturers Way,emeagh3h,cWYr5zea
Leland,Blanc,1997-06-09,9394693777,lblanc3i@mysql.com,0 Summer Ridge Drive,lblanc3i,GZQMne7X
Jud,Jehu,1997-04-02,3232308511,jjehu3j@addtoany.com,18 Kings Plaza,jjehu3j,slFMcti
Minerva,Cortez,1992-11-03,2880982561,mcortez3k@walmart.com,66 Memorial Park,mcortez3k,eLe7ym
Sydelle,Hillett,2002-06-18,6473935061,shillett3l@weather.com,456 Moose Drive,shillett3l,roNpC57P5pm
Daisie,Quilliam,1989-03-18,6035011276,dquilliam3m@wordpress.org,903 Judy Circle,dquilliam3m,ZUOwYIejs
Fawnia,Glasser,1989-09-24,3833514663,fglasser3n@odnoklassniki.ru,4 Talisman Terrace,fglasser3n,n6dOhJOA3e4
Free,Maciejewski,1989-06-15,7355758772,fmaciejewski3o@diigo.com,7 Schmedeman Road,fmaciejewski3o,ddEab9ZyWe
Evaleen,Coxen,1997-04-23,2730445234,ecoxen3p@godaddy.com,340 Sauthoff Pass,ecoxen3p,eQLRiK
Gunther,Lough,1990-07-22,4715094398,glough3q@dyndns.org,115 Coleman Hill,glough3q,cYUu83ZU
Olenka,Locke,1999-07-23,6476750283,olocke3r@tripadvisor.com,6901 Troy Road,olocke3r,smo5uyL
Jaquith,Exley,1995-02-03,3394969459,jexley3s@cnet.com,9 Cardinal Pass,jexley3s,322E4fW6
Kiri,Slamaker,2003-01-15,4787080393,kslamaker3t@freewebs.com,3546 Hoard Circle,kslamaker3t,l5wzjxPll
Marni,Bruins,1998-06-09,6276384011,mbruins3u@redcross.org,4 Commercial Junction,mbruins3u,aF6N2HdbFiE
Kingsly,Staddart,1997-12-10,6611628169,kstaddart3v@mapquest.com,77715 Toban Drive,kstaddart3v,zAETDuXnbn
Phebe,Marcam,2003-04-04,6086794545,pmarcam3w@cocolog-nifty.com,5597 New Castle Crossing,pmarcam3w,tia38jee
Gui,Matusovsky,1996-01-14,1007122811,gmatusovsky3x@wordpress.com,80143 Clove Court,gmatusovsky3x,qJKiaoX7xQvN
Hanny,Standell,1990-04-19,6375393825,hstandell3y@eepurl.com,255 4th Junction,hstandell3y,OQEf3T2mh
Gert,Birkett,2002-04-06,2941968210,gbirkett3z@answers.com,5 Talisman Point,gbirkett3z,CV8A6ywq
Justen,Ceeley,1997-04-17,5049527112,jceeley40@guardian.co.uk,87 Dawn Way,jceeley40,k1xc1ZRm
Wallas,Bartocci,2000-07-19,2131901682,wbartocci41@github.com,052 Nevada Lane,wbartocci41,YGsVEvz
Christiano,Yapp,1990-03-31,7086496561,cyapp42@time.com,69 Katie Park,cyapp42,7vM4NbO555
Annaliese,Putson,1999-09-29,2724594851,aputson43@com.com,78312 Coleman Point,aputson43,Xi9ZsP19f
Patrick,Joyce,2001-09-10,1151122467,pjoyce44@hatena.ne.jp,4 Monica Crossing,pjoyce44,Mc4qxs5F
Oren,Muggeridge,1995-06-08,1422327299,omuggeridge45@google.es,7 Mendota Hill,omuggeridge45,hvxc91L88RTF
Clerc,Hamblin,1990-07-25,1364173859,chamblin46@usa.gov,6893 Elmside Circle,chamblin46,LnpaIJ
Jeremie,Wrench,1999-07-29,7754680416,jwrench47@economist.com,6939 Hanson Center,jwrench47,Ib2Zov
Pall,Berens,1994-06-15,2322509817,pberens48@tamu.edu,2 5th Trail,pberens48,N9ouCl96QbZA
Anjela,Medley,2002-07-24,2287420363,amedley49@europa.eu,246 Moose Court,amedley49,CtepSUxzY
Bride,Duffil,2001-07-25,0796233632,bduffil4a@t.co,37337 Commercial Park,bduffil4a,8XlQnEKZxgX7
Melisse,Sciusscietto,1993-02-19,0774695102,msciusscietto4b@shop-pro.jp,0 Derek Alley,msciusscietto4b,902cTh3dPUR
Cary,Kindred,1989-12-12,2603375199,ckindred4c@yellowbook.com,873 Novick Way,ckindred4c,26eAe1Fv7
Orly,Robroe,1997-05-15,7074253936,orobroe4d@businesswire.com,05 Prairieview Court,orobroe4d,3U8M3DGNHF
Karlee,Jordeson,1994-02-07,2565123019,kjordeson4e@uol.com.br,9812 Stephen Street,kjordeson4e,N4rrpcVw
Brandea,Merigot,1994-04-24,9286713800,bmerigot4f@yandex.ru,9862 Memorial Place,bmerigot4f,PyTk077
Delaney,Matuszewski,1994-11-20,6300297438,dmatuszewski4g@state.gov,02 Del Sol Court,dmatuszewski4g,k1krGy
Madella,Brownlie,1998-02-04,4290996574,mbrownlie4h@aol.com,8 Washington Plaza,mbrownlie4h,63l8C7hfNR6l
Westbrooke,Prose,1991-05-02,8352895451,wprose4i@google.nl,411 Knutson Place,wprose4i,YIN0cmbxKF
Johanna,Rappaport,2001-08-19,6370209511,jrappaport4j@blogspot.com,55007 Meadow Ridge Terrace,jrappaport4j,tAKF8jW6
Nowell,Myrkus,1993-03-18,0700312218,nmyrkus4k@nasa.gov,57 Oakridge Alley,nmyrkus4k,OumTG3nwBhzN
Tiffany,Chevolleau,2000-03-25,7487066088,tchevolleau4l@stanford.edu,6 Derek Parkway,tchevolleau4l,bqmEPRmjmy
Royal,Casetta,1993-01-04,1121431518,rcasetta4m@cafepress.com,2 Moland Pass,rcasetta4m,Xid9ludeA99W
Hallsy,Lutton,1991-09-11,9115182762,hlutton4n@wunderground.com,34259 8th Plaza,hlutton4n,KFohSL4g
Knox,Winchurch,1989-07-28,1747708259,kwinchurch4o@sun.com,922 Fairview Center,kwinchurch4o,NvoTkchW65
Forester,Kairns,1991-03-04,8755253261,fkairns4p@netscape.com,6768 Havey Junction,fkairns4p,aZy9F5w6P
Gradey,Manuaud,1990-11-05,8495774054,gmanuaud4q@hugedomains.com,9735 Vermont Street,gmanuaud4q,k3wp60
Norbie,Maggiore,2002-09-18,2410399312,nmaggiore4r@tinyurl.com,929 Iowa Trail,nmaggiore4r,edPVXdB6dAI
Laurel,Gard,1998-10-15,7488943538,lgard4s@sbwire.com,085 Kennedy Junction,lgard4s,gzcMwsTY
Burk,Worters,1998-05-23,5933707864,bworters4t@hexun.com,2 Marquette Park,bworters4t,4fC0JNBpbP2
Reiko,Summerell,1998-03-06,7850141121,rsummerell4u@hud.gov,571 Hooker Pass,rsummerell4u,0Bo5hpXdaXP
Carrissa,Cucinotta,1989-07-05,6870986371,ccucinotta4v@cyberchimps.com,16032 Linden Hill,ccucinotta4v,TsHlv9g
Zorah,Gillman,1996-02-02,9542118015,zgillman4w@nationalgeographic.com,39 School Terrace,zgillman4w,seWa3wFy
Morganne,Eagger,1990-08-01,1378922352,meagger4x@nyu.edu,8 Briar Crest Court,meagger4x,xENDpZMgMz
Matty,Bareham,1994-02-14,9760183951,mbareham4y@forbes.com,89 Roth Street,mbareham4y,EbtdnlAK1sG
Brok,Ielden,2000-03-19,2609019904,bielden4z@go.com,4 Kingsford Hill,bielden4z,wtH2oXzZbVMW
Zoe,Cathee,2000-06-05,2738920268,zcathee50@apple.com,87 Dakota Place,zcathee50,x0xi5OKX2v5y
Gaylor,Danneil,1992-09-28,0922779082,gdanneil51@g.co,7 Annamark Road,gdanneil51,bvYV9o
Bale,Ausiello,2003-01-08,3329167866,bausiello52@answers.com,8362 Roth Center,bausiello52,UphasQlO
Willa,Scholes,2001-03-13,9178540569,wscholes53@cnn.com,92 Sage Plaza,wscholes53,zIpm9V38FiJJ
Artur,Teck,1989-11-16,8620460250,ateck54@gizmodo.com,9944 Emmet Park,ateck54,lRCGnMr
Nathan,Shaplin,1994-06-29,6292918491,nshaplin55@cbc.ca,253 Westridge Drive,nshaplin55,MBV1d3km
Cello,Eliet,1990-10-21,0922016224,celiet56@nymag.com,64 Village Trail,celiet56,kaEcVA
Babb,McBeth,1990-08-31,7350660715,bmcbeth57@cdc.gov,432 Summit Crossing,bmcbeth57,EbII5WANR
Tootsie,Whipp,1994-02-04,1959393103,twhipp58@surveymonkey.com,3 Arizona Crossing,twhipp58,CVfJnQP7Pa
Spence,Tue,1993-07-19,4177790753,stue59@mlb.com,9 International Junction,stue59,s0fZM3k1
Ursulina,Babin,2002-11-07,6202913479,ubabin5a@psu.edu,5044 Dottie Parkway,ubabin5a,G29J4g
Darice,Huie,2002-06-03,0608493686,dhuie5b@sbwire.com,60 Luster Parkway,dhuie5b,AHtLjmg
Bernie,Purrington,1991-01-09,0875569153,bpurrington5c@msn.com,6 Hintze Drive,bpurrington5c,8sZDiRw9W
Mark,Houlston,1996-07-03,3792824086,mhoulston5d@miitbeian.gov.cn,1752 Kim Point,mhoulston5d,4h4juT7s
Calvin,Bardwall,1996-09-20,1100886818,cbardwall5e@goo.gl,25 Sunnyside Terrace,cbardwall5e,U83HpqWMSWd
Kelsi,MacPherson,1996-07-26,2346447099,kmacpherson5f@sun.com,32 Lake View Terrace,kmacpherson5f,ykOnvAG
Cleo,Bifield,2001-10-26,6411088896,cbifield5g@about.com,1 Buell Way,cbifield5g,c7ejvW3x
Angelia,Scandred,1999-07-25,2882222785,ascandred5h@ehow.com,63 Veith Park,ascandred5h,uNtJpV4
Chrissie,Asche,1992-09-13,5135904735,casche5i@techcrunch.com,348 Erie Avenue,casche5i,Pc63CAe9YX
Faye,Briggdale,2000-06-24,3287702033,fbriggdale5j@independent.co.uk,9 Northview Plaza,fbriggdale5j,bMCDTXF
